login;email
Addam Marbrand;AddamMarbrand@Lannister.com
Aegon Frey (Jinglebell);AegonFrey_Jinglebell@None.com
Aegon Targaryen;AegonTargaryen@HouseTargaryen.com
Adrack Humble;AdrackHumble@HouseGreyjoy.com
Aemon Costayne;AemonCostayne@Lannister.com
Aemon Estermont;AemonEstermont@Baratheon.com
Aemon Targaryen (son of Maekar I);AemonTargaryen_sonofMaekarI@NightsWatch.com
Aenys Frey;AenysFrey@None.com
Aeron Greyjoy;AeronGreyjoy@HouseGreyjoy.com
Aethan;Aethan@NightsWatch.com
Aggar;Aggar@HouseGreyjoy.com
Aggo;Aggo@HouseTargaryen.com
Alan of Rosby;AlanofRosby@NightsWatch.com
Alayaya;Alayaya@None.com
Albar Royce;AlbarRoyce@Arryn.com
Albett;Albett@NightsWatch.com
Alebelly;Alebelly@HouseStark.com
Alerie Hightower;AlerieHightower@HouseTyrell.com
Alesander Staedmon;AlesanderStaedmon@Baratheon.com
Alester Florent;AlesterFlorent@Baratheon.com
Alia of Braavos;AliaofBraavos@None.com
Alla Tyrell;AllaTyrell@HouseTyrell.com
Allard Seaworth;AllardSeaworth@Baratheon.com
Alliser Thorne;AlliserThorne@NightsWatch.com
Alyn;Alyn@HouseStark.com
Alyn Ambrose;AlynAmbrose@Tyrell.com
Alyn Estermont;AlynEstermont@Baratheon.com
Alyn Stackspear;AlynStackspear@Lannister.com
Alys Karstark;AlysKarstark@Stark.com
Alysane Mormont;AlysaneMormont@Stark.com
Alyx Frey;AlyxFrey@None.com
Ambrode;Ambrode@Greyjoy.com
Amory Lorch;AmoryLorch@HouseLannister.com
Andar Royce;AndarRoyce@Arryn.com
Andrew Estermont;AndrewEstermont@Baratheon.com
Andrey Dalt;AndreyDalt@Martell.com
Andrik;Andrik@Greyjoy.com
Anguy;Anguy@None.com
Antario Jast;AntarioJast@Lannister.com
Anvil Ryn;AnvilRyn@None.com
Anya Waynwood;AnyaWaynwood@Arryn.com
Archibald Yronwood;ArchibaldYronwood@Martell.com
Ardrian Celtigar;ArdrianCeltigar@Baratheon.com
Areo Hotah;AreoHotah@HouseMartell.com
Arianne Martell;ArianneMartell@HouseMartell.com
Arneld;Arneld@Lannister.com
Arnolf Karstark;ArnolfKarstark@Stark.com
Aron Santagar;AronSantagar@Lannister.com
Arron;Arron@NightsWatch.com
Arron Qorgyle;ArronQorgyle@Martell.com
Arryk (Guard);Arryk_Guard@HouseTyrell.com
Arson;Arson@Wildling.com
Arthor Karstark;ArthorKarstark@Stark.com
Arwyn Frey;ArwynFrey@None.com
Arwyn Oakheart;ArwynOakheart@Tyrell.com
Arya Stark;AryaStark@Stark.com
Arys Oakheart;ArysOakheart@Lannister.com
Asha Greyjoy;AshaGreyjoy@HouseGreyjoy.com
Aurane Waters;AuraneWaters@Lannister.com
Axell Florent;AxellFlorent@Baratheon.com
Azzak;Azzak@None.com
Ballabar;Ballabar@Lannister.com
Balon Swann;BalonSwann@Lannister.com
Bannen;Bannen@NightsWatch.com
Barbrey Dustin;BarbreyDustin@Stark.com
Barra;Barra@None.com
Barristan Selmy;BarristanSelmy@Targaryen.com
Barsena;Barsena@None.com
Barth (brewer);Barth_brewer@HouseStark.com
Bass;Bass@NightsWatch.com
Bayard Norcross;BayardNorcross@Tyrell.com
Bearded Ben;BeardedBen@NightsWatch.com
Becca;Becca@HouseArryn.com
Becca the Baker;BeccatheBaker@None.com
Bedwyck;Bedwyck@NightsWatch.com
Belaquo;Belaquo@None.com
Bella;Bella@None.com
Bellegere Otherys (courtesan);BellegereOtherys_courtesan@None.com
Bellonara Otherys;BellonaraOtherys@None.com
Belwas;Belwas@HouseTargaryen.com
Ben;Ben@None.com
Ben Bones;BenBones@None.com
Ben Plumm;BenPlumm@None.com
Benedar Belmore;BenedarBelmore@Arryn.com
Benfred Tallhart;BenfredTallhart@Stark.com
Benfrey Frey;BenfreyFrey@None.com
Benjen Stark;BenjenStark@NightsWatch.com
Bennet;Bennet@None.com
Beric Dondarrion;BericDondarrion@None.com
Bessa (Winterfell);Bessa_Winterfell@Stark.com
Beth Cassel;BethCassel@Stark.com
Bhakaz zo Loraq;BhakazzoLoraq@None.com
Big Boil;BigBoil@Wildling.com
Big Walder Frey;BigWalderFrey@None.com
Biter;Biter@None.com
Black Bernarr;BlackBernarr@NightsWatch.com
Black Walder Frey;BlackWalderFrey@None.com
Blane;Blane@NightsWatch.com
Bloodbeard;Bloodbeard@None.com
Blue Bard;BlueBard@HouseTyrell.com
Bonifer Hasty;BoniferHasty@Lannister.com
Borcas;Borcas@NightsWatch.com
Boremund Harlaw;BoremundHarlaw@Greyjoy.com
Boros Blount;BorosBlount@Baratheon.com
Borroq;Borroq@Wildling.com
Bowen Marsh;BowenMarsh@NightsWatch.com
Bran Stark;BranStark@HouseStark.com
Brandon Norrey;BrandonNorrey@Stark.com
Brenett;Brenett@None.com
Brienne of Tarth;BrienneofTarth@Stark.com
Bronn;Bronn@Lannister.com
Brown Bernarr;BrownBernarr@NightsWatch.com
Brusco;Brusco@None.com
Bryan Fossoway;BryanFossoway@Baratheon.com
Bryce Caron;BryceCaron@Baratheon.com
Bryen;Bryen@None.com
Bryen Farring;BryenFarring@Baratheon.com
Brynden Rivers;BryndenRivers@HouseTargaryen.com
Brynden Tully;BryndenTully@HouseTully.com
Burton Crakehall;BurtonCrakehall@Lannister.com
Butterbumps;Butterbumps@HouseTyrell.com
Byam Flint;ByamFlint@NightsWatch.com
Byan Votyris;ByanVotyris@None.com
Byron;Byron@Arryn.com
Cadwyn;Cadwyn@HouseLannister.com
Caleotte;Caleotte@HouseMartell.com
Catelyn Tully;CatelynTully@HouseStark.com
Cayn;Cayn@HouseStark.com
Cellador;Cellador@NightsWatch.com
Cersei Frey;CerseiFrey@None.com
Cersei Lannister;CerseiLannister@HouseLannister.com
Chataya;Chataya@None.com
Chayle;Chayle@Stark.com
Chella;Chella@Lannister.com
Chett;Chett@NightsWatch.com
Chiggen;Chiggen@Lannister.com
Chiswyck;Chiswyck@None.com
Clayton Suggs;ClaytonSuggs@Baratheon.com
Clement Piper;ClementPiper@Tully.com
Cleos Frey;CleosFrey@None.com
Cley Cerwyn;CleyCerwyn@Stark.com
Clubfoot Karl;ClubfootKarl@NightsWatch.com
Clydas;Clydas@NightsWatch.com
Cohollo;Cohollo@None.com
Coldhands;Coldhands@None.com
Colemon;Colemon@HouseArryn.com
Colen of Greenpools;ColenofGreenpools@HouseBaratheon.com
Conn;Conn@Lannister.com
Conwy;Conwy@NightsWatch.com
Corliss Penny;CorlissPenny@Baratheon.com
Cortnay Penrose;CortnayPenrose@Baratheon.com
Cotter Pyke;CotterPyke@NightsWatch.com
Cragorn;Cragorn@HouseGreyjoy.com
Craster;Craster@None.com
Cregan Karstark;CreganKarstark@Stark.com
Creighton Longbough;CreightonLongbough@None.com
Cressen;Cressen@Baratheon.com
Cuger;Cuger@NightsWatch.com
Cutjack;Cutjack@None.com
Daario Naharis;DaarioNaharis@Targaryen.com
Dacey Mormont;DaceyMormont@Stark.com
Daemon Sand;DaemonSand@Martell.com
Daenerys Targaryen;DaenerysTargaryen@HouseTargaryen.com
Dagon Codd;DagonCodd@Greyjoy.com
Dagmer;Dagmer@HouseGreyjoy.com
Dalbridge;Dalbridge@NightsWatch.com
Dale Seaworth;DaleSeaworth@Baratheon.com
Dalla;Dalla@Wildling.com
Dalla (Dragonstone);Dalla_Dragonstone@Baratheon.com
Damon Dance-for-Me;DamonDance-for-Me@None.com
Damon Vypren;DamonVypren@None.com
Dancy;Dancy@None.com
Danwell Frey;DanwellFrey@None.com
Dareon;Dareon@NightsWatch.com
Daryn Hornwood;DarynHornwood@Stark.com
Daven Lannister;DavenLannister@HouseLannister.com
Davos Seaworth;DavosSeaworth@Baratheon.com
Del;Del@Wildling.com
Delp;Delp@HouseTully.com
Denys Drumm;DenysDrumm@Greyjoy.com
Denys Mallister;DenysMallister@NightsWatch.com
Dermot;Dermot@Baratheon.com
Desmond;Desmond@HouseStark.com
Desmond Grell;DesmondGrell@Tully.com
Devan Seaworth;DevanSeaworth@Baratheon.com
Deziel Dalt;DezielDalt@Martell.com
Dhazzar;Dhazzar@None.com
Dick Crabb;DickCrabb@None.com
Dick Follard;DickFollard@NightsWatch.com
Dickon Manwoody;DickonManwoody@Martell.com
Dirk;Dirk@NightsWatch.com
Dobber;Dobber@None.com
Donal Noye;DonalNoye@NightsWatch.com
Donella Hornwood;DonellaHornwood@Stark.com
Donnel Drumm;DonnelDrumm@Greyjoy.com
Donnel Haigh;DonnelHaigh@None.com
Donnel Hill;DonnelHill@NightsWatch.com
Donnel Locke;DonnelLocke@Stark.com
Donnel Waynwood;DonnelWaynwood@Tully.com
Donnis;Donnis@HouseStark.com
Dontos Hollard;DontosHollard@None.com
Donyse;Donyse@None.com
Doran Martell;DoranMartell@Martell.com
Doreah;Doreah@HouseTargaryen.com
Dornish Dilly;DornishDilly@NightsWatch.com
Draqaz;Draqaz@None.com
Drennan;Drennan@HouseGreyjoy.com
Drogo;Drogo@Targaryen.com
Dudley;Dudley@Stark.com
Dunsen;Dunsen@None.com
Dunstan Drumm;DunstanDrumm@Greyjoy.com
Duram Bar Emmon;DuramBarEmmon@Baratheon.com
Dykk Harlaw;DykkHarlaw@Greyjoy.com
Dywen;Dywen@NightsWatch.com
Easy;Easy@NightsWatch.com
Ebben;Ebben@NightsWatch.com
Eddard Karstark;EddardKarstark@Stark.com
Eddard Stark;EddardStark@HouseStark.com
Eddison Tollett;EddisonTollett@NightsWatch.com
Edmure Tully;EdmureTully@HouseTully.com
Edric Dayne;EdricDayne@None.com
Edric Storm;EdricStorm@HouseBaratheon.com
Edwyn Frey;EdwynFrey@None.com
Eggon;Eggon@None.com
Elder Brother;ElderBrother@None.com
Eldred Codd;EldredCodd@Greyjoy.com
Eleyna Westerling;EleynaWesterling@Stark.com
Elinor Tyrell;ElinorTyrell@Tyrell.com
Ellaria Sand;EllariaSand@Martell.com
Elmar Frey;ElmarFrey@None.com
Elyas Willum;ElyasWillum@Baratheon.com
Emmon Cuy;EmmonCuy@Baratheon.com
Emmon Frey;EmmonFrey@Lannister.com
Emmond;Emmond@Greyjoy.com
Emrick;Emrick@NightsWatch.com
Endehar;Endehar@Greyjoy.com
Elwood;Elwood@HouseTully.com
Endrew Tarth;EndrewTarth@NightsWatch.com
Enger;Enger@HouseTully.com
Eon Hunter;EonHunter@Arryn.com
Erik Ironmaker;ErikIronmaker@Greyjoy.com
Ermesande Hayford;ErmesandeHayford@None.com
Eroeh;Eroeh@Targaryen.com
Erreck;Erreck@None.com
Erryk (Guard);Erryk_Guard@HouseTyrell.com
Esgred;Esgred@Greyjoy.com
Ezzara;Ezzara@Targaryen.com
Falia Flowers;FaliaFlowers@Greyjoy.com
Falyse Stokeworth;FalyseStokeworth@Lannister.com
Farlen;Farlen@HouseStark.com
Fat Walda Frey;FatWaldaFrey@None.com
Flement Brax;FlementBrax@Lannister.com
Fletcher Will;FletcherWill@None.com
Fogo;Fogo@None.com
Forley Prester;ForleyPrester@Lannister.com
Fornio;Fornio@NightsWatch.com
Frenken;Frenken@Lannister.com
Frenya;Frenya@Wildling.com
Frynne;Frynne@Martell.com
Gage;Gage@HouseStark.com
Galazza Galare;GalazzaGalare@None.com
Galbart Glover;GalbartGlover@Stark.com
Gared;Gared@NightsWatch.com
Garin (Orphan);Garin_Orphan@Martell.com
Gariss;Gariss@HouseStark.com
Garlan Tyrell;GarlanTyrell@HouseTyrell.com
Garrett Paege;GarrettPaege@Lannister.com
Garse Goodbrook;GarseGoodbrook@None.com
Garth Greyfeather;GarthGreyfeather@NightsWatch.com
Garth of Greenaway;GarthofGreenaway@NightsWatch.com
Garth of Oldtown;GarthofOldtown@NightsWatch.com
Gawen Westerling;GawenWesterling@Stark.com
Gelmarr;Gelmarr@HouseGreyjoy.com
Gendry;Gendry@None.com
Genna Lannister;GennaLannister@Lannister.com
Gerald Gower;GeraldGower@Baratheon.com
Gerold Dayne;GeroldDayne@Martell.com
Gerren;Gerren@None.com
Gerris Drinkwater;GerrisDrinkwater@Martell.com
Gevin Harlaw;GevinHarlaw@Greyjoy.com
Ghael;Ghael@None.com
Ghost of High Heart;GhostofHighHeart@None.com
Gillam;Gillam@None.com
Gilly;Gilly@Wildling.com
Gilwood Hunter;GilwoodHunter@Arryn.com
Gladden Wylde;GladdenWylde@Stark.com
Glendon Hewett;GlendonHewett@NightsWatch.com
Goady;Goady@NightsWatch.com
Godric Borrell;GodricBorrell@None.com
Godry Farring;GodryFarring@Baratheon.com
Godwyn;Godwyn@HouseLannister.com
Goghor;Goghor@None.com
Gormond Goodbrother;GormondGoodbrother@Greyjoy.com
Gorold Goodbrother;GoroldGoodbrother@Greyjoy.com
Gran Goodbrother;GranGoodbrother@Greyjoy.com
Grazdan;Grazdan@None.com
Grazdan mo Eraz;GrazdanmoEraz@None.com
Grazdan mo Ullhor;GrazdanmoUllhor@None.com
Grazdan zo Galare;GrazdanzoGalare@None.com
Grazdar zo Galare;GrazdarzoGalare@None.com
Gregor Clegane;GregorClegane@Lannister.com
Grenn;Grenn@NightsWatch.com
Grey Worm;GreyWorm@Targaryen.com
Greydon Goodbrother;GreydonGoodbrother@Greyjoy.com
Grigg;Grigg@Wildling.com
Grisel;Grisel@None.com
Groleo;Groleo@HouseTargaryen.com
Grubbs;Grubbs@NightsWatch.com
Grunt;Grunt@None.com
Gueren;Gueren@NightsWatch.com
Guncer Sunglass;GuncerSunglass@Baratheon.com
Guyard Morrigen;GuyardMorrigen@Baratheon.com
Gwin Goodbrother;GwinGoodbrother@Greyjoy.com
Gylbert Farwynd;GylbertFarwynd@Greyjoy.com
Gyles Farwynd;GylesFarwynd@Greyjoy.com
Gyles Grafton;GylesGrafton@Arryn.com
Gyles Rosby;GylesRosby@Lannister.com
Gynir;Gynir@HouseGreyjoy.com
Gysella Goodbrother;GysellaGoodbrother@Greyjoy.com
Haggo;Haggo@None.com
Hairy Hal;HairyHal@NightsWatch.com
Hake;Hake@NightsWatch.com
Halder;Halder@NightsWatch.com
Haldon;Haldon@HouseTargaryen.com
Hali;Hali@Wildling.com
Hallis Mollen;HallisMollen@Stark.com
Hallyne;Hallyne@Lannister.com
Halys Hornwood;HalysHornwood@Stark.com
Hamish the Harper;HamishtheHarper@None.com
Hareth (Mole's Town);Hareth_MolesTown@NightsWatch.com
Harghaz;Harghaz@None.com
Harma;Harma@Wildling.com
Harmund Sharp;HarmundSharp@Greyjoy.com
Harmune;Harmune@NightsWatch.com
Harra;Harra@None.com
Harrag Sharp;HarragSharp@Greyjoy.com
Harras Harlaw;HarrasHarlaw@Greyjoy.com
Harwood Fell;HarwoodFell@HouseBaratheon.com
Hazzea;Hazzea@None.com
Harrion Karstark;HarrionKarstark@Stark.com
Harry Strickland;HarryStrickland@None.com
Harwin;Harwin@Stark.com
Harwood Stout;HarwoodStout@Stark.com
Harys Haigh;HarysHaigh@None.com
Harys Swyft;HarysSwyft@Lannister.com
Helman Tallhart;HelmanTallhart@Stark.com
Henly (Maester);Henly_Maester@None.com
Heward;Heward@HouseStark.com
High Sparrow;HighSparrow@None.com
Hobb;Hobb@NightsWatch.com
Hobber Redwyne;HobberRedwyne@Tyrell.com
Hod;Hod@None.com
Hodor;Hodor@HouseStark.com
Holger;Holger@None.com
Holly;Holly@Wildling.com
Hop-Robin;Hop-Robin@NightsWatch.com
Horas Redwyne;HorasRedwyne@Tyrell.com
Horton Redfort;HortonRedfort@Arryn.com
Hosteen Frey;HosteenFrey@None.com
Hoster Tully;HosterTully@HouseTully.com
Hot Pie;HotPie@None.com
Hother Umber;HotherUmber@Stark.com
Howd Wanderer;HowdWanderer@Wildling.com
Hubard Rambton;HubardRambton@Baratheon.com
Hugh;Hugh@HouseArryn.com
Hugo Vance;HugoVance@Tully.com
Hullen;Hullen@HouseStark.com
Humfrey Swyft;HumfreySwyft@Lannister.com
Husband;Husband@None.com
Hyle Hunt;HyleHunt@None.com
Iggo;Iggo@None.com
Illyrio Mopatis;IllyrioMopatis@HouseTargaryen.com
Ilyn Payne;IlynPayne@Lannister.com
Imry Florent;ImryFlorent@Baratheon.com
Iron Emmett;IronEmmett@NightsWatch.com
Irri;Irri@HouseTargaryen.com
Ithoke;Ithoke@None.com
Jacelyn Bywater;JacelynBywater@Lannister.com
Jack Bulwer;JackBulwer@NightsWatch.com
Jack-Be-Lucky;Jack-Be-Lucky@None.com
Jacks;Jacks@HouseStark.com
Jaggot;Jaggot@None.com
Jaime Lannister;JaimeLannister@Lannister.com
Jalabhar Xho;JalabharXho@None.com
Janna Tyrell;JannaTyrell@Tyrell.com
Janos Slynt;JanosSlynt@None.com
Jaqen H'ghar;JaqenHghar@None.com
Jared Frey;JaredFrey@None.com
Jaremy Rykker;JaremyRykker@NightsWatch.com
Jarl;Jarl@Wildling.com
Jarman Buckwell;JarmanBuckwell@NightsWatch.com
Jason Mallister;JasonMallister@Stark.com
Jate;Jate@HouseLannister.com
Jate Blackberry;JateBlackberry@HouseBaratheon.com
Jeor Mormont;JeorMormont@NightsWatch.com
Jeren;Jeren@NightsWatch.com
Jeyne Poole;JeynePoole@Stark.com
Jeyne Westerling;JeyneWesterling@Stark.com
Jhaqo;Jhaqo@None.com
Jhezane;Jhezane@None.com
Jhiqui;Jhiqui@HouseTargaryen.com
Jhogo;Jhogo@HouseTargaryen.com
Jocelyn Swyft;JocelynSwyft@Lannister.com
Jodge;Jodge@HouseLannister.com
Jojen Reed;JojenReed@Stark.com
Jommy;Jommy@HouseBaratheon.com
Jon Bettley;JonBettley@Lannister.com
Jon Connington;JonConnington@Targaryen.com
Jon Fossoway;JonFossoway@Baratheon.com
Jon Snow;JonSnow@NightsWatch.com
Jon Umber (Greatjon);JonUmber_Greatjon@Stark.com
Joffrey Baratheon;JoffreyBaratheon@HouseLannister.com
Jon Umber (Smalljon);JonUmber_Smalljon@Stark.com
Jonelle Cerwyn;JonelleCerwyn@Stark.com
Jonos Bracken;JonosBracken@Tully.com
Jorah Mormont;JorahMormont@Targaryen.com
Jory Cassel;JoryCassel@Stark.com
Joseran;Joseran@Greyjoy.com
Joseth;Joseth@HouseStark.com
Josmyn Peckledon;JosmynPeckledon@Lannister.com
Joss;Joss@None.com
Joss Stilwood;JossStilwood@Lannister.com
Josua Willum;JosuaWillum@Baratheon.com
Jothos Slynt;JothosSlynt@Lannister.com
Joyeuse Erenford;JoyeuseErenford@None.com
Justin Massey;JustinMassey@Baratheon.com
Jyck;Jyck@HouseLannister.com
Jynessa Blackmont;JynessaBlackmont@Martell.com
Karyl Vance;KarylVance@Tully.com
Kedge Whiteye;KedgeWhiteye@NightsWatch.com
Kella;Kella@None.com
Kennos of Kayce;KennosofKayce@Lannister.com
Ketter;Ketter@NightsWatch.com
Kenned;Kenned@HouseGreyjoy.com
Kerwin;Kerwin@HouseTyrell.com
Kevan Lannister;KevanLannister@HouseLannister.com
Kezmya;Kezmya@None.com
Khorane Sathmantes;KhoraneSathmantes@None.com
Khrazz;Khrazz@None.com
Kindly man;Kindlyman@None.com
Kojja Mo;KojjaMo@None.com
Koss;Koss@NightsWatch.com
Kraznys mo Nakloz;KraznysmoNakloz@None.com
Kromm;Kromm@HouseGreyjoy.com
Kurleket;Kurleket@None.com
Kurz;Kurz@NightsWatch.com
Kyle (Banners);Kyle_Banners@None.com
Kyra;Kyra@HouseStark.com
Lady of the Leaves;LadyoftheLeaves@None.com
Lambert Turnberry;LambertTurnberry@Lannister.com
Lamprey;Lamprey@Baratheon.com
Lancel Lannister;LancelLannister@Lannister.com
Lanna (Happy Port);Lanna_HappyPort@None.com
Lark;Lark@NightsWatch.com
Larra Blackmont;LarraBlackmont@Martell.com
Larraq;Larraq@Targaryen.com
Leathers;Leathers@NightsWatch.com
Left Hand Lew;LeftHandLew@NightsWatch.com
Lem;Lem@None.com
Lennocks;Lennocks@None.com
Lenwood Tawney;LenwoodTawney@Greyjoy.com
Leo Lefford;LeoLefford@Lannister.com
Leo Tyrell;LeoTyrell@Tyrell.com
Leobald Tallhart;LeobaldTallhart@Stark.com
Leona Woolfield;LeonaWoolfield@Stark.com
Leonette Fossoway;LeonetteFossoway@Tyrell.com
Lew;Lew@HouseStark.com
Lewis Lanster;LewisLanster@None.com
Lewys Lydden;LewysLydden@Lannister.com
Lewys Piper;LewysPiper@Lannister.com
Lharys;Lharys@Stark.com
Little Walder Frey;LittleWalderFrey@None.com
Lollys Stokeworth;LollysStokeworth@Lannister.com
Lommy;Lommy@NightsWatch.com
Loras Tyrell;LorasTyrell@Tyrell.com
Lorcas;Lorcas@None.com
Lord of Bones;LordofBones@Wildling.com
Lorent Caswell;LorentCaswell@Baratheon.com
Lorren;Lorren@Greyjoy.com
Lothar Frey;LotharFrey@None.com
Lothor Brune;LothorBrune@None.com
Lucan;Lucan@None.com
Lucas Blackwood;LucasBlackwood@Tully.com
Lucas Codd;LucasCodd@Greyjoy.com
Lucias Vypren;LuciasVypren@None.com
Luco Prestayn;LucoPrestayn@None.com
Luke of Longtown;LukeofLongtown@NightsWatch.com
Luton;Luton@None.com
Luwin;Luwin@HouseStark.com
Lyle Crakehall;LyleCrakehall@Lannister.com
Lyman Darry;LymanDarry@Tully.com
Lymond Goodbrook;LymondGoodbrook@Tully.com
Lymond Lychester;LymondLychester@Tully.com
Lyn Corbray;LynCorbray@Arryn.com
Lyonel;Lyonel@None.com
Lysa Tully;LysaTully@HouseArryn.com
Lysono Maar;LysonoMaar@None.com
Mace Tyrell;MaceTyrell@HouseTyrell.com
Mad Huntsman;MadHuntsman@None.com
Maege Mormont;MaegeMormont@Stark.com
Maerie (Goodwife);Maerie_Goodwife@None.com
Maerie (Whore);Maerie_Whore@None.com
Mag Mar Tun Doh Weg;MagMarTunDohWeg@Wildling.com
Mago;Mago@None.com
Mallador Locke;MalladorLocke@NightsWatch.com
Malliard;Malliard@Lannister.com
Mallor;Mallor@HouseLannister.com
Mance Rayder;ManceRayder@Wildling.com
Mandon Moore;MandonMoore@Baratheon.com
Maric Seaworth;MaricSeaworth@HouseBaratheon.com
Marei;Marei@None.com
Margaery Tyrell;MargaeryTyrell@HouseTyrell.com
Marillion;Marillion@Arryn.com
Maris;Maris@Wildling.com
Marissa Frey;MarissaFrey@None.com
Mariya Darry;MariyaDarry@None.com
Mark Mullendore;MarkMullendore@Tully.com
Marlon Manderly;MarlonManderly@Stark.com
Maron Volmark;MaronVolmark@Greyjoy.com
Marq Piper;MarqPiper@Tully.com
Martyn Rivers;MartynRivers@None.com
Marwyn;Marwyn@None.com
Marwyn Belmore;MarwynBelmore@Arryn.com
Masha Heddle;MashaHeddle@Tully.com
Maslyn;Maslyn@NightsWatch.com
Mathis Rowan;MathisRowan@Lannister.com
Mathos Mallarawan;MathosMallarawan@None.com
Matrice;Matrice@Baratheon.com
Matthos Seaworth;MatthosSeaworth@Baratheon.com
Matthar;Matthar@NightsWatch.com
Mawney;Mawney@NightsWatch.com
Mebble;Mebble@None.com
Medger Cerwyn;MedgerCerwyn@Stark.com
Meera Reed;MeeraReed@Stark.com
Megga Tyrell;MeggaTyrell@HouseTyrell.com
Meha;Meha@Wildling.com
Mela;Mela@HouseArryn.com
Meldred Merlyn;MeldredMerlyn@Greyjoy.com
Meliana;Meliana@Stark.com
Melisandre;Melisandre@Baratheon.com
Mellei;Mellei@HouseMartell.com
Melly;Melly@None.com
Meredyth Crane;MeredythCrane@Tyrell.com
Meribald;Meribald@None.com
Merlon Crakehall;MerlonCrakehall@Lannister.com
Mero;Mero@None.com
Merrett Frey;MerrettFrey@None.com
Meryn Trant;MerynTrant@Lannister.com
Mezzara;Mezzara@None.com
Mikken;Mikken@HouseStark.com
Miklaz;Miklaz@None.com
Mirri Maz Duur;MirriMazDuur@None.com
Missandei;Missandei@HouseTargaryen.com
Mohor;Mohor@None.com
Mollander;Mollander@None.com
Monford Velaryon;MonfordVelaryon@Baratheon.com
Monster;Monster@Wildling.com
Moon Boy;MoonBoy@Baratheon.com
Moqorro;Moqorro@Greyjoy.com
Mord;Mord@HouseArryn.com
Mordane;Mordane@HouseStark.com
Moreo Tumitis;MoreoTumitis@None.com
Morgarth;Morgarth@None.com
Morna White Mask;MornaWhiteMask@Wildling.com
Moro;Moro@None.com
Morra;Morra@HouseMartell.com
Morrec;Morrec@HouseLannister.com
Morros Slynt;MorrosSlynt@Lannister.com
Mors Manwoody;MorsManwoody@Martell.com
Mors Umber;MorsUmber@Stark.com
Morton Waynwood;MortonWaynwood@Arryn.com
Mudge (miller);Mudge_miller@None.com
Mully;Mully@NightsWatch.com
Munciter;Munciter@Lannister.com
Murch;Murch@NightsWatch.com
Murch (Winterfell);Murch_Winterfell@HouseStark.com
Mossador;Mossador@HouseTargaryen.com
Murenmure;Murenmure@Greyjoy.com
Muttering Bill;MutteringBill@NightsWatch.com
Mya Stone;MyaStone@Arryn.com
Mycah;Mycah@Stark.com
Myles;Myles@HouseMartell.com
Myles Manwoody;MylesManwoody@Martell.com
Myranda Royce;MyrandaRoyce@Arryn.com
Myrcella Baratheon;MyrcellaBaratheon@Lannister.com
Myria Jordayne;MyriaJordayne@Martell.com
Myrtle;Myrtle@Wildling.com
Nage;Nage@None.com
Myles;Myles@HouseTully.com
Nan;Nan@HouseStark.com
Narbert;Narbert@None.com
Nestor Royce;NestorRoyce@Arryn.com
Nolla;Nolla@None.com
Norjen;Norjen@Greyjoy.com
Nurse;Nurse@None.com
Notch;Notch@None.com
Nute;Nute@HouseGreyjoy.com
Nymella Toland;NymellaToland@Martell.com
Nymeria Sand;NymeriaSand@HouseMartell.com
Obara Sand;ObaraSand@HouseMartell.com
Oberyn Martell;OberynMartell@HouseMartell.com
Ogo;Ogo@None.com
Old Henly;OldHenly@NightsWatch.com
Olenna Redwyne;OlennaRedwyne@Tyrell.com
Ollo Lophand;OlloLophand@NightsWatch.com
Olyvar Frey;OlyvarFrey@None.com
Ondrew Locke;OndrewLocke@Stark.com
Oppo;Oppo@None.com
Orell;Orell@Wildling.com
Orphan Oss;OrphanOss@NightsWatch.com
Orton Merryweather;OrtonMerryweather@Lannister.com
Osfryd Kettleblack;OsfrydKettleblack@Lannister.com
Osha;Osha@HouseStark.com
Osmund Kettleblack;OsmundKettleblack@Lannister.com
Osney Kettleblack;OsneyKettleblack@Lannister.com
Ossy;Ossy@Arryn.com
Oswell Kettleblack;OswellKettleblack@None.com
Othell Yarwyck;OthellYarwyck@NightsWatch.com
Ottyn Wythers;OttynWythers@NightsWatch.com
Owen;Owen@NightsWatch.com
Owen Norrey;OwenNorrey@Tully.com
Oznak zo Pahl;OznakzoPahl@None.com
Palla;Palla@HouseStark.com
Parmen Crane;ParmenCrane@Baratheon.com
Patchface;Patchface@Baratheon.com
Pate (novice);Pate_novice@None.com
Pate (Lancewood);Pate_Lancewood@None.com
Pate (Night's Watch);Pate_NightsWatch@NightsWatch.com
Pate (Old);Pate_Old@None.com
Patrek of King's Mountain;PatrekofKingsMountain@Baratheon.com
Patrek Mallister;PatrekMallister@Tully.com
Paxter Redwyne;PaxterRedwyne@Tyrell.com
Pello;Pello@None.com
Penny;Penny@None.com
Perros Blackmont;PerrosBlackmont@Martell.com
Perwyn Frey;PerwynFrey@None.com
Petyr Baelish;PetyrBaelish@None.com
Petyr Frey;PetyrFrey@None.com
Philip Foote;PhilipFoote@Lannister.com
Pia;Pia@None.com
Podrick Payne;PodrickPayne@Lannister.com
Polliver;Polliver@None.com
Pono;Pono@None.com
Porridge;Porridge@Baratheon.com
Porther;Porther@HouseStark.com
Poul Pemford;PoulPemford@HouseTully.com
Poxy Tym;PoxyTym@HouseStark.com
Praed;Praed@None.com
Prendahl na Ghezn;PrendahlnaGhezn@None.com
Preston Greenfield;PrestonGreenfield@Baratheon.com
Pyat Pree;PyatPree@None.com
Pycelle;Pycelle@HouseLannister.com
Pyg;Pyg@None.com
Pylos;Pylos@Baratheon.com
Pypar;Pypar@NightsWatch.com
Qarl Shepherd;QarlShepherd@Greyjoy.com
Qarl the Maid;QarltheMaid@Greyjoy.com
Qezza;Qezza@None.com
Qhorin Halfhand;QhorinHalfhand@NightsWatch.com
Qotho;Qotho@None.com
Quaithe;Quaithe@None.com
Quaro;Quaro@Targaryen.com
Quellon Humble;QuellonHumble@Greyjoy.com
Quent;Quent@HouseStark.com
Quenten Banefort;QuentenBanefort@Lannister.com
Quentyn Martell;QuentynMartell@Martell.com
Quhuru Mo;QuhuruMo@None.com
Qyburn;Qyburn@Lannister.com
Quort;Quort@Wildling.com
Qyle;Qyle@NightsWatch.com
Rafford;Rafford@None.com
Ragnor Pyke;RagnorPyke@HouseGreyjoy.com
Ragwyle;Ragwyle@Wildling.com
Rakharo;Rakharo@HouseTargaryen.com
Ralf Kenning;RalfKenning@Greyjoy.com
Ralf Stonehouse;RalfStonehouse@Greyjoy.com
Ralf the Limper;RalftheLimper@Greyjoy.com
Ramsay Snow;RamsaySnow@None.com
Randa;Randa@None.com
Randyll Tarly;RandyllTarly@Tyrell.com
Rast;Rast@NightsWatch.com
Ravella Swann;RavellaSwann@Tully.com
Raymar Royce;RaymarRoyce@Arryn.com
Raymun Darry;RaymunDarry@Targaryen.com
Raymund Frey;RaymundFrey@None.com
Raynald Westerling;RaynaldWesterling@Stark.com
Red Alyn;RedAlyn@NightsWatch.com
Red Rolfe;RedRolfe@HouseGreyjoy.com
Reek;Reek@None.com
Renly Baratheon;RenlyBaratheon@HouseBaratheon.com
Reysen;Reysen@NightsWatch.com
Reznak mo Reznak;ReznakmoReznak@None.com
Rhaegar Frey;RhaegarFrey@None.com
Rhogoro;Rhogoro@None.com
Ricasso;Ricasso@HouseMartell.com
Richard Horpe;RichardHorpe@Baratheon.com
Rickard Karstark;RickardKarstark@Stark.com
Rickard Ryswell;RickardRyswell@Stark.com
Rickon Stark;RickonStark@HouseStark.com
Rigney;Rigney@None.com
Robar Royce;RobarRoyce@Baratheon.com
Robb Stark;RobbStark@HouseStark.com
Robert Baratheon;RobertBaratheon@HouseBaratheon.com
Robert Arryn;RobertArryn@HouseArryn.com
Robett Glover;RobettGlover@Stark.com
Robin Flint;RobinFlint@Stark.com
Robin Moreland;RobinMoreland@Lannister.com
Robin Ryger;RobinRyger@Tully.com
Rodrik Cassel;RodrikCassel@Stark.com
Rodrik Harlaw;RodrikHarlaw@Greyjoy.com
Rodrik Ryswell;RodrikRyswell@None.com
Roger Hogg;RogerHogg@Lannister.com
Roger Ryswell;RogerRyswell@Stark.com
Roland Crakehall (Lord);RolandCrakehall_Lord@Lannister.com
Rolder;Rolder@HouseLannister.com
Rolfe;Rolfe@Greyjoy.com
Rollam Westerling;RollamWesterling@Stark.com
Rolfe the Dwarf;RolfetheDwarf@HouseGreyjoy.com
Rolley;Rolley@NightsWatch.com
Rolly Duckfield;RollyDuckfield@Targaryen.com
Rolph Spicer;RolphSpicer@Lannister.com
Romny Weaver;RomnyWeaver@Greyjoy.com
Ronald Storm;RonaldStorm@None.com
Ronnel Harclay;RonnelHarclay@NightsWatch.com
Ronnet Connington;RonnetConnington@Baratheon.com
Roose Bolton;RooseBolton@Stark.com
Roose Ryswell;RooseRyswell@None.com
Rorge;Rorge@None.com
Roslin Frey;RoslinFrey@None.com
Rowan;Rowan@Wildling.com
Rudge;Rudge@NightsWatch.com
Rusty Flowers;RustyFlowers@NightsWatch.com
Ryger Rivers;RygerRivers@None.com
Ryk;Ryk@Wildling.com
Rupert Brax;RupertBrax@HouseLannister.com
Ryman Frey;RymanFrey@None.com
Rymolf Stormdrunk;RymolfStormdrunk@HouseGreyjoy.com
Ryon Allyrion;RyonAllyrion@Martell.com
Salladhor Saan;SalladhorSaan@Baratheon.com
Sallor;Sallor@None.com
Samwell Tarly;SamwellTarly@NightsWatch.com
Sandor Clegane;SandorClegane@None.com
Sawane Botley;SawaneBotley@Greyjoy.com
Sansa Stark;SansaStark@Stark.com
Sarella Sand;SarellaSand@HouseMartell.com
Sarra Frey;SarraFrey@None.com
Satin;Satin@NightsWatch.com
Sawwood;Sawwood@NightsWatch.com
Sedgekins;Sedgekins@None.com
Selyse Florent;SelyseFlorent@Baratheon.com
Senelle;Senelle@HouseLannister.com
Serra Frey;SerraFrey@None.com
Shadrich;Shadrich@None.com
Shae;Shae@Lannister.com
Shagga;Shagga@Lannister.com
Shagwell;Shagwell@None.com
Sharna;Sharna@None.com
Shireen Baratheon;ShireenBaratheon@Baratheon.com
Shirei Frey;ShireiFrey@None.com
Shyra Errol;ShyraErrol@Baratheon.com
Sigfry Stonetree;SigfryStonetree@Greyjoy.com
Skahaz mo Kandaq;SkahazmoKandaq@None.com
Skinner;Skinner@None.com
Small Paul;SmallPaul@NightsWatch.com
Softfoot;Softfoot@NightsWatch.com
Sour Alyn;SourAlyn@None.com
Spare Boot;SpareBoot@NightsWatch.com
Spotted Cat;SpottedCat@None.com
Spotted Pate of Maidenpool;SpottedPateofMaidenpool@NightsWatch.com
Squint;Squint@HouseGreyjoy.com
Squirrel;Squirrel@Wildling.com
Stalwart Shield;StalwartShield@Targaryen.com
Steelskin;Steelskin@None.com
Steffon Swyft;SteffonSwyft@Lannister.com
Stevron Frey;StevronFrey@Stark.com
Stiv;Stiv@Wildling.com
Stone Thumbs;StoneThumbs@Wildling.com
Stonesnake;Stonesnake@NightsWatch.com
Stygg;Stygg@HouseGreyjoy.com
Styr;Styr@Wildling.com
Sybassion;Sybassion@None.com
Sybell Spicer;SybellSpicer@Lannister.com
Sybelle Glover;SybelleGlover@Stark.com
Sylva Santagar;SylvaSantagar@Martell.com
Symon Silver Tongue;SymonSilverTongue@Lannister.com
Symon Stripeback;SymonStripeback@Targaryen.com
Symond Frey;SymondFrey@None.com
Symond Templeton;SymondTempleton@Arryn.com
Syrio Forel;SyrioForel@HouseStark.com
Taena of Myr;TaenaofMyr@Lannister.com
Tal Toraq;TalToraq@Targaryen.com
Tallad;Tallad@Lannister.com
Tanda Stokeworth;TandaStokeworth@Lannister.com
Tanton Fossoway;TantonFossoway@Baratheon.com
Ternesio Terys;TernesioTerys@None.com
Terrance Lynderly;TerranceLynderly@Arryn.com
The Red Lamb;TheRedLamb@HouseTargaryen.com
Theo Frey;TheoFrey@None.com
Theodan Wells;TheodanWells@Stark.com
Theomore Lannister;TheomoreLannister@None.com
Theon Greyjoy;TheonGreyjoy@HouseGreyjoy.com
Thistle;Thistle@Wildling.com
Thoren Smallwood;ThorenSmallwood@NightsWatch.com
Thoros;Thoros@None.com
Three Toes;ThreeToes@None.com
Three-Tooth;Three-Tooth@Greyjoy.com
Tickler;Tickler@Lannister.com
Tim Tangletongue;TimTangletongue@NightsWatch.com
Timeon;Timeon@None.com
Timett;Timett@Lannister.com
Timon;Timon@Baratheon.com
Tion Frey;TionFrey@Lannister.com
Tobho Mott;TobhoMott@None.com
Todder;Todder@NightsWatch.com
Todric;Todric@Greyjoy.com
Tom of Sevenstreams;TomofSevenstreams@None.com
Tomard;Tomard@HouseStark.com
Tormund;Tormund@Wildling.com
Torrek;Torrek@None.com
Torrhen Karstark;TorrhenKarstark@Stark.com
Tothmure;Tothmure@Lannister.com
Tregar;Tregar@HouseLannister.com
Tremond Gargalen;TremondGargalen@Martell.com
Tristifer Botley;TristiferBotley@Greyjoy.com
Triston Sunderland;TristonSunderland@Lannister.com
Tuffleberry;Tuffleberry@None.com
Tumberjon;Tumberjon@NightsWatch.com
Tumco Lho;TumcoLho@Targaryen.com
Tybero Istarion;TyberoIstarion@None.com
Tycho Nestoris;TychoNestoris@None.com
Tyene Sand;TyeneSand@HouseMartell.com
Tymor;Tymor@HouseGreyjoy.com
Tyrek Lannister;TyrekLannister@HouseLannister.com
Tyrion Lannister;TyrionLannister@Lannister.com
Tyta Frey;TytaFrey@None.com
Tytos Blackwood;TytosBlackwood@Tully.com
Tytos Brax;TytosBrax@Lannister.com
Tytos Frey;TytosFrey@None.com
Tywin Lannister;TywinLannister@HouseLannister.com
Ulf son of Umar;UlfsonofUmar@Lannister.com
Ulf the Ill;UlftheIll@HouseGreyjoy.com
Ulmer;Ulmer@NightsWatch.com
Ulwyck Uller;UlwyckUller@Martell.com
Umar;Umar@None.com
Umfred;Umfred@None.com
Unella;Unella@None.com
Urreg;Urreg@NightsWatch.com
Urswyck;Urswyck@None.com
Utherydes Wayn;UtherydesWayn@Tully.com
Utt;Utt@None.com
Val;Val@Wildling.com
Varamyr;Varamyr@Wildling.com
Vardis Egen;VardisEgen@Arryn.com
Vargo Hoat;VargoHoat@None.com
Varys;Varys@Targaryen.com
Vayon Poole;VayonPoole@Stark.com
Victarion Greyjoy;VictarionGreyjoy@HouseGreyjoy.com
Viserys Targaryen;ViserysTargaryen@HouseTargaryen.com
Vylarr;Vylarr@HouseLannister.com
Vyman;Vyman@Tully.com
Waif;Waif@None.com
Walda Rivers (daughter of Aemon);WaldaRivers_daughterofAemon@None.com
Walder Frey;WalderFrey@None.com
Walder Rivers;WalderRivers@None.com
Wallen;Wallen@Wildling.com
Walton;Walton@None.com
Wat (orphan);Wat_orphan@None.com
Wat (sailor);Wat_sailor@None.com
Watt;Watt@NightsWatch.com
Watty;Watty@None.com
Waymar Royce;WaymarRoyce@NightsWatch.com
Wayn (guard);Wayn_guard@HouseStark.com
Weasel;Weasel@None.com
Weeper;Weeper@Wildling.com
Weese;Weese@Lannister.com
Wendel Manderly;WendelManderly@Stark.com
Wendello Qar Deeth;WendelloQarDeeth@None.com
Werlag;Werlag@HouseGreyjoy.com
Wex Pyke;WexPyke@Stark.com
Whalen Frey;WhalenFrey@None.com
Wilbert;Wilbert@Stark.com
Will;Will@NightsWatch.com
Will (orphan);Will_orphan@None.com
Willam Wells;WillamWells@Martell.com
Willem Lannister;WillemLannister@HouseLannister.com
William Mooton;WilliamMooton@Tully.com
Willis Wode;WillisWode@Arryn.com
Willit;Willit@Lannister.com
Willow Witch-eye;WillowWitch-eye@Wildling.com
Willum;Willum@Tully.com
Woth;Woth@NightsWatch.com
Wulfe;Wulfe@HouseGreyjoy.com
Wun Weg Wun Dar Wun;WunWegWunDarWun@Wildling.com
Wyl (guard);Wyl_guard@HouseStark.com
Wyl the Whittler;WyltheWhittler@None.com
Wylis Manderly;WylisManderly@Stark.com
Wylla Manderly;WyllaManderly@Stark.com
Wyman Manderly;WymanManderly@Stark.com
Wynafryd Manderly;WynafrydManderly@Stark.com
Wynton Stout;WyntonStout@NightsWatch.com
Xaro Xhoan Daxos;XaroXhoanDaxos@None.com
Xhondo;Xhondo@None.com
Yandry;Yandry@HouseTargaryen.com
Yellow Dick;YellowDick@None.com
Ygon Farwynd;YgonFarwynd@Greyjoy.com
Ygritte;Ygritte@Wildling.com
Yohn Farwynd;YohnFarwynd@Greyjoy.com
Yohn Royce;YohnRoyce@Arryn.com
Yoren;Yoren@NightsWatch.com
Young Henly;YoungHenly@NightsWatch.com
Ysilla;Ysilla@HouseTargaryen.com
Zei;Zei@Stark.com
Zollo;Zollo@None.com
Yurkhaz zo Yunzak;YurkhazzoYunzak@None.com
Yezzan Zo Qaggaz;YezzanZoQaggaz@None.com
Torwynd the Tame;TorwyndtheTame@Wildling.com
Talbert Serry;TalbertSerry@Tyrell.com